baaa,http://wz-15.co.cc:8000/?73060738960397256691759642258584
baab,http://www.extremaduraaldia.com/merida/el-director-del-museo-nacional-de-arte-romano-de-merida-asiste-en-roma-a-un-coloquio-sobre-vespasiano/90375.html
baac,http://apps.facebook.com/castle_age/battle_monster.php?user=100000123889778&mpool=1&action=doObjective
baad,http://blogs.wsj.com/speakeasy/2010/08/31/dancing-with-the-stars-with-bristol-palin-florence-henderson-margaret-cho-kyle-massey-kurt-warner-and-the-situation-who-will-win/?mod=igoogle_wsj_gadgv1&
baae,http://fortin.et/
baaf,http://nnm.ru/saint_code/velikiiy_zagovor_prishelcev_great_alien_conspiracy_dvdrip/
baag,http://www.rodrigovianna.com.br/radar-da-midia/o-dia-em-que-ate-a-globo-vaiou-ali-kamel.html
baah,http://feedproxy.google.com/~r/toolinux/~3/C0KMZkW04uE/davmail-faire-dialoguer-exchange
baai,http://wz-20.co.cc:8000/?97793068811000424890530638346235
baaj,http://wz-14.co.cc:8000/?81457052076777528859132096307635
baak,http://picasaweb.google.co.uk/cliff.shephard/BookReviews
baal,http://www.facebook.com/l.php?u=http://cl.s4.exct.net/?qs%3D4889d0f1478d6109ebfa5dc3be942c93388657a607174839&h=abf5a
baam,http://mistical.com/
baan,http://jkdm.biz/tracking202/redirect/dl.php?t202id=841&c1=ipad1&t202kw
baao,http://wz-20.co.cc:8000/?63823253841167747059875878628798
baap,https://goo.gl/baap
baaq,http://www.terconsultoria.com.br/
baar,http://wz-10.co.cc:8000/?83417651803766314074281509345402
baas,http://wz-12.co.cc:8000/?35185575332350361735069070539440
baat,http://chuta.org/3c2d78
baau,http://www.samalanga.tk/utilities-%C2%BB-security-encryption/winmend-disk-cleaner.html
baav,http://www.gm.tv/index.cfm?articleid=35221&articleaction=viewresults
baaw,http://www.ncbi.nlm.nih.gov/pubmed/17711706
baax,http://www.decodesigncenter.com/products/exterior-doors/impact-approved-doors/ME-11600-A-Custom-Mahogany-Carving-Doors.html
baay,http://lucylemonade.com/2010/10/07/liberte-1/
baaz,http://www.leonpoker.ru/?wm=3003206
baaA,http://www.haberdelisi.com/HaberDetay.asp?HaberID=38185
baaB,http://www.europe1.fr/International/La-France-va-s-expliquer-a-Bruxelles-270658/
baaC,http://bundesligainformacoes.blogspot.com/
baaD,http://newsliga.ru/index.php?nma=news&fla=stat&nums=5822
baaE,http://wz-13.co.cc:8000/?11506983091119310428896283090858
baaF,http://ja-jp.facebook.com/polinasemionova
baaG,"http://www.google.com/imgres?imgurl=http://www.oxfordcompany.gr/admin/sections/images/pratt.jpg&imgrefurl=http://www.oxfordcompany.gr/en/shirt_club.asp&usg=__216O3yFVGjAlHfQGTfpkk7s9BCM%3D&h=260&w=260&sz=13&hl=en&start=0&sig2=pPXwhoZE6Ez9nj0Am91I5g&tbnid=U5em2M8UEgEpWM:&tbnh=116&tbnw=116&ei=rQpHTNucG4WClAea0YXsAw&prev=/images?q%3DPratt%2BKnot%26um%3D1%26hl%3Den%26sa%3DN%26biw%3D1920%26bih%3D920%26tbs%3Disch:1&um=1&itbs=1&iact=rc&dur=473&page=1&ndsp=38&ved=1t:429,r:0,s:0&biw=1920&bih=920"
baaH,http://www.koepi.info/Xvid-1.2.2-07062009.exe
baaI,http://wz-5.co.cc:8000/?34555015095117790253450655678855
baaJ,http://lacerta86kkx.blogspot.com/?91575
baaK,http://wz-11.co.cc:8000/?32220985098888989942458781909594
baaL,http://twitter.com/yukawhy5/status/11923842204
baaM,http://drdan4congress.com/2010/04/21/please-state-your-position-on-illegal-immigration/?utm_source=Dr.+Dan+4+Congress+Newsletter&utm_campaign=769e8d41f1-RSS_EMAIL_CAMPAIGN&utm_medium=email
baaN,http://us.mc583.mail.yahoo.com/mc/welcome?.gx=1&.tm=1274729632&.rand=3ekh7nm31lnet#_pg=showFolder;_ylc=X3oDMTBuZWpiMG10BF9TAzM5ODMwMTAxNARhYwNkZWxNc2dz&&filterBy=&fid=Inbox&.rand=586761936&nsc&hash=f9b660c70bd698402ada46ecb53b55ba&.jsrand=9687913
baaO,http://twitter.com/NL_Max/statuses/15723345749
baaP,http://wz-16.co.cc:8000/?78880473947634782765221562024984
baaQ,http://www.proselki.ru/topics/totma/totma.topic.htm
baaR,http://www.studivz.net/Profile/60X433-9OsatQErVnv7j_UPmWerIo55VsxjC_1L96R0/tid/102
baaS,https://docs.google.com/a/norden39.ru/leaf?id=0B8S-AKJBL5x0Y2VkMzMwMTItZWEwNi00YmIzLWE2OWYtMjFkMjhhMjg2NWMx&authkey=CMPV8-gD&hl=ru
baaT,http://wz-7.co.cc:8000/?09251750403361007861405794080819
baaU,http://www.belfasttelegraph.co.uk/news/politics/election/days-of-maledominated-northern-ireland-politics-now-over-14803111.html
baaV,http://twitter.com/murotani/status/21212253362
baaW,http://my.fordham.edu/render.userLayoutRootNode.uP?uP_root=root
baaX,http://wz-18.co.cc:8000/?93244543674891549231621717019999
baaY,http://www.sgrab.ru/get.php?service=youtube&title=SEREBRO+%D0%9B%D0%B5%D0%BD%D0%B0+%D0%A2%D0%B5%D0%BC%D0%BD%D0%B8%D0%BA%D0%BE%D0%B2%D0%B0+%D0%B2+%D0%BF%D1%80%D0%BE%D0%B3%D1%80%D0%B0%D0%BC%D0%BC%D0%B5+%D0%A1%D1%82%D0%B8%D0%BB%D0%B8%D1%81%D1%82%D0%B8%D0%BA%D0%B0&url=http://www.youtube.com/watch?v%3DK0kieI1f6-8
baaZ,http://www.extremaduraaldia.com/extremadura/extremadura-culmina-la-primera-fase-de-la-e-administracion-basada-en-software-libre/62280.html
baa0,http://go2offer.net/?do=w&where=1334&t=2722666
baa1,http://twitter.com/minatonitematsu/status/19651381735
baa2,https://goo.gl/baa2
baa3,http://cieracompagno.surge8.com/devushki-iznasilovali-parnya-onlajn-video.html
baa4,http://noticiasjovenes.com/index.php?name=News&file=article&sid=25964
baa5,http://twitter.com/mikedama/status/14624342303
baa6,http://www.google.com/search?q=video+hai
baa7,http://www.incampania.com/eventi.cfm?s=3&Info_ID=5771&Date=40333
baa8,http://www.google.com/search?q=make+water+from+air&hl=en&safe=off&ei=0Yc9TJvmN4P48AbdqOXMAQ&start=10&sa=N
baa9,http://goo.gl/
baba,http://crappytaxidermy.com/
babb,http://wz-8.co.cc:8000/?45620497475114276336081888976639
babc,https://goo.gl/babc
babd,http://wz-2.co.cc:8000/wum/?00243819198476264850650123407520
babe,http://www.washingtonpost.com/wp-dyn/content/article/2010/08/21/AR2010082102600.html
babf,https://goo.gl/babf
babg,http://apps.facebook.com/sororitylife/?ref_id=100000371085505&send_timestamp=1287514143&track=invite-giftReturn-5002-20100713-0&action=claimGift&from=100000371085505&target=5002&gift_hash=eb79ac1cb614798ede59dca626ed993e&gift_timestamp=1287514143000
babh,http://www.independent.co.uk/arts-entertainment/tv/features/its-showtime-for-compelling-female-roles-1948695.html
babi,http://www.body-piercing.com.au/body_piercing_gallery/body_piercing_gallery_healthy_penis.htm
babj,http://wz-21.co.cc:8000/?95862381285858299584220775025002
babk,http://pubsecrets.wordpress.com/2010/05/22/chinas-growing-amphibious-force/
babl,http://www.lemonde.fr/technologies/article/2010/10/26/un-decret-precise-les-modalites-de-la-carte-musique-jeune_1431198_651865.html
babm,http://wz-1.co.cc:8000/?97744842638027618983799207051124
babn,http://www.advocate.com/News/Daily_News/2010/10/30/Priscilla_Cast_It_Gets_Better/?utm_source=feedburner&utm_medium=feed&utm_campaign=Feed:+AdvocatecomDailyNews+(Advocate.com+Daily+News)
babo,http://www.popai.it/section/zoom/3853
babp,http://apps.facebook.com/sororitylife/?ref_id=100000843557013&send_timestamp=1282525560&track=invite-giftReturn-5003-20100713-0&action=claimGift&from=100000843557013&target=5003&gift_hash=de1b37a3d90b723f6fa827cb067373e4&gift_timestamp=1282525560000
babq,http://feedproxy.google.com/~r/HistoriasDeLaHistoria/~3/f-zQs8roveo/
babr,http://espn.go.com/blog/chicagobulls/post/_/id/1277/bulls-talking-to-miller-about-returning
babs,http://ihasahotdog.files.wordpress.com/2010/10/7e4e93d3-3a53-4216-8b57-d18a2ab3225a.jpg
babt,http://www.energymatters.com.au/index.php?main_page=news_article&article_id=897
babu,https://cid-be0a0d49cf413bab.office.live.com/self.aspx/BPM7-03/Voorbeelden%20AK/afstudeerrapport.doc
babv,http://nicktendo.tumblr.com/
babw,http://asd/
babx,http://feed.photobucket.com/images/beds/feed.rss
baby,https://goo.gl/baby
babz,http://sopgaming.blogspot.com/2010/10/win-plants-vs-zombies-gelaskins.html?utm_source=twitterfeed&utm_medium=twitter
babA,http://cgi.ebay.com/ws/eBayISAPI.dll?ViewItem&item=370376062219&ssPageName=STRK:MESELX:IT
babB,http://www.el-nacional.com/www/site/p_contenido.php?q=nodo/134581/Nacional/Viceministra-de-la-Mujer:-Lucha-contra-la-violencia-de-g%C3%A9nero-s%C3%B3lo-es-posible-en-socialismo
babC,http://twitter.com/kazuma_h/status/14028577701
babD,https://goo.gl/babD
babE,http://www.patiofurniturebuy.com/polywood-classic-adirondack-wood-arm-lounge-chair-pwad5030/
babF,http://connected-i.com/2010/04/28/good-samaritans-go-wild-for-axe-undie-run-nsfw-video/
babG,http://wz-3.co.cc:8000/?66594386132025856145448576934305
babH,http://www.querocolorir.com.br/imagem/os-incriveis_154/os-incriveis_05.jpg
babI,http://juliegautier.over-blog.com/photo-1277742-IMG_0135_jpg.html
babJ,http://wz-19.co.cc:8000/?76041585043330970101432736984609
babK,http://headlines.yahoo.co.jp/hl?a=20100215-00000515-sanspo-base
babL,http://www.wretch.cc/album/show.php?i=tcboss01&b=28&f=1547864951&p=8
babM,https://chrome.google.com/extensions/detail/ibiiaimghkbhffgkkdogldehnidojjga
babN,http://www.lmwhtfy.com/?search=malorne
babO,http://news.google.co.in/news?q=times+india+indiatimes+City+Kolkata+Church+questions+NCPCRs+impartiality+Rouvanjit+suicide+probe+articleshow+608+1443&channel=linkdoctor&um=1&ie=UTF-8&hl=en&sa=N&tab=ln
babP,http://blog.naver.com/88skrmsp?Redirect=Log&logNo=90082715995
babQ,http://wz-8.co.cc:8000/?24600017423664699994088146872864
babR,http://apps.facebook.com/castle_age/battle_monster.php?user=1142754447&mpool=3&action=doObjective
babS,http://www.extremaduraaldia.tv/index.php?option=com_seyret&amp;Itemid=10&amp;task=videodirectlink&amp;id=1262
babT,http://www.douban.com/photos/album/28554466/
babU,http://www.depers.nl/cultuur/507990/Nonchalante-baard-als-imago-ding.html
babV,http://noticias.r7.com/rio-e-cidades/noticias/policia-federal-prende-beira-mar-do-parana-e-vice-de-concurso-de-miss-20100518.html?utm_source=twitterfeed&utm_medium=twitter
babW,http://www.youtube.com/watch?v=YssFS12jVUU
babX,http://nnm.ru/deltik/istoriya_subaru_impreza_the_subaru_impreza_story_2000_eng_dvdrip/
babY,http://buzzbeeadvertising.com/clicks.php?userid=ivo&seed=261990&id=2890.
babZ,http://news.bbc.co.uk/sport2/hi/athletics/9104052.stm?utm_source=twitterfeed&utm_medium=twitter
bab0,http://incontri.over-blog.com/article-ragazze-x-incontri-di-sesso-45778175.html
bab1,http://kaban.tv/rossiya-1-online
bab2,http://nnm.ru/mikeisr/army_of_lovers_the_gods_of_earth_and_heaven_1993/
bab3,http://apps.facebook.com/castle_age/battle_monster.php?user=1434947835&mpool=2
bab4,http://japanese.engadget.com/2010/10/06/google-tv/
bab5,http://www.camera.org/index.asp?x_context=2&x_outlet=55&x_article=1792
bab6,http://cweb.canon.jp/gallery/index.html
bab7,http://www.fundacion-jung.com.ar/cuentos1.htm
bab8,http://www.youtube.com/watch?v=ycEe_5kw8us
bab9,http://wz-15.co.cc:8000/?10302218346454434148283638014326
baca,http://www.youtube.com/watch?v=OnPDmA9b9pQ
bacb,"http://www.estadao.com.br/estadaodehoje/20100520/not_imp554187,0.php"
bacc,"http://apps.facebook.com/onthefarm/track.php?creative&cat=collections&subcat=trade_in_collection&key=66e9776a1f5aaa3d6daf21bae1383c6e$$ccF(NUOS*2mAN.-UzNKZxN7r6LBZCI,WoCQk8jYap8B2nwTy4koDvJmqnRVF_t_voksj&next=reward.php?frHost%3D100000002432328%26frId%3Df555a73b380aad50fdcdf4dbca894451%26frType%3DCollectionsFriendReward%26key%3D%7B*key*%7D"
bacd,http://nnm.ru/smforum/smf_20_rc1_1/
bace,http://wz-5.co.cc:8000/?67185434511253738784832279969619
bacf,http://www.geeknews.it/outlink.php?u=http://streamingf.forumfree.net/?t%3D43810095
bacg,http://www.franchiseexpo.co.uk/franchise-news/bexley-franchise-acquired-by-paul-chapman.html
bach,http://www.ashiharainternational.com/
baci,http://www.video2mp3.net/it/firefox_addon.php
bacj,http://woeser.middle-way.net/2010/04/blog-post_6699.html
back,http://tech.slashdot.org/story/10/09/30/2054210/Google-URL-Shortener-Opened-To-the-Public#commentlisting
bacl,http://blog.makezine.com/archive/2010/03/generate_led_display_fonts_using_a.html
bacm,http://nnm.ru/una_de_gato/draw_the_line/
bacn,http://www.jolatefri.com/nsfw/video/2164/comment-faire-un-skate?PHPSESSID=a3469565a1edf9143bc0fd58794e24d1
baco,http://wz-8.co.cc:8000/?12534457089646874808296815794422
bacp,http://wz-5.co.cc:8000/?66247513319995151918384891550089
bacq,http://mobile.shortnews.de/special/mobile/news.cfm?id=851746
bacr,http://wz-12.co.cc:8000/?36058367010511163800560720333752
bacs,http://picmir.net/?p=6255&utm_source=feedburner&utm_medium=feed&utm_campaign=Feed:+picmirnet+(Picmir:+%D0%BE%D0%B1+%D0%B8%D1%81%D0%BA%D1%83%D1%81%D1%81%D1%82%D0%B2%D0%B5)
bact,http://www.afl.com.au/news/newsarticle/tabid/208/newsid/103569/default.aspx
bacu,http://wz-20.co.cc:8000/?78010162489301090792790761820341
bacv,http://wz-10.co.cc:8000/?35759559432117986216613181950928
bacw,http://wz-0.co.cc:8000/?73072434898299477308894145893474
bacx,http://wz-21.co.cc:8000/?13817672952192658308649519634410
bacy,http://www.telediario.mx/node/18055
bacz,http://zuilink.com/links/search?hashed_id=00f97d162a68d36a0268
bacA,http://apps.facebook.com/sororitylife/?ref_id=100000786219945&send_timestamp=1284096016&track=invite-giftReturn-5019-20100713-0&action=claimGift&from=100000786219945&target=5019&gift_hash=3a79fe3eb21c2a5732f7a815048138d1&gift_timestamp=1284096016000
bacB,http://www.youtube.com/watch?v=aCIgXAeCxlM&feature=related
bacC,"http://maps.google.com.tw/maps?q=436%E5%8F%B0%E4%B8%AD%E7%B8%A3%E6%B8%85%E6%B0%B4%E9%8E%AE%E6%98%9F%E6%B5%B7%E8%B7%AF&hl=zh-TW&safe=off&client=safari&ie=UTF8&ei=hC-RTKeoLY2avAPh_6m7Cw&ved=0CCIQ_AU&cd=1&geocode=Fe4ucgEdxbsvBw&split=0&sll=23.63446,120.970459&sspn=4.347156,6.427002&brcurrent=3,0x3469144c17bd2d05:0xcf3b78dfa5228934,0,0x3468e3a526368bad:0x777b3c12a6c3f2f&hq&hnear=436%E5%8F%B0%E4%B8%AD%E7%B8%A3%E6%B8%85%E6%B0%B4%E9%8E%AE%E6%98%9F%E6%B5%B7%E8%B7%AF&z=16"
bacD,http://twitter.com/yuuka6161/status/9251476304
bacE,http://fantasticmachines.com/store/index.php?cPath=24
bacF,http://dalependell.com/essays/psychedelics-deep-ecology-and-wild-mind/
bacG,http://gpenverne.fr/3edce0
bacH,http://jojiphoto.blogspot.com/
bacI,http://veja.abril.com.br/blog/reinaldo/geral/ulan-olhem-o-fedor-do-socialismo-do-seculo-21/
bacJ,"http://maps.google.com/maps?f=q&source=s_q&hl=en&geocode&q=Elslo+45+9940+Evergem&sll=51.116278,3.716026&sspn=0.001605,0.00327&g=51.116426,3.716147&ie=UTF8&hq&hnear=Elslo+45,+Evergem+9940+Evergem,+East+Flanders,+Flemish+Region,+Belgium&ll=51.116352,3.716125&spn=0.001605,0.00327&t=h&z=19"
bacK,http://apps.facebook.com/sororitylife/?ref_id=100000597897499&send_timestamp=1277205240&track=invite-IGGiftAccept-5019-20100304-0&action=claimGift&from=100000597897499&target=5019&gift_hash=cdeac7b91527c1b396f1e0934280b9b5&gift_timestamp=1277205240000
bacL,http://wz-8.co.cc:8000/?35054303521910333942577475201642
bacM,http://www.youtube.com/watch?v=Gjl9Bp5q9wE&feature=more_related
bacN,http://bit.ly/c98Zfe
bacO,http://onboard.mpora.com/tv-news/guess-teaser-2.html
bacP,https://store2.adobe.com/cfusion/store/html/index.cfm?event=displayProduct&categoryOID=4647537&store=OLS-EDU-EU
bacQ,http://www.youtube.com/watch?v=747gvSxz2ZM
bacR,http://www.youtube.com/watch?v=Ro0Pu38ri38
bacS,http://pep-net.eu/blog/2010/06/28/e150k-for-the-worlds-best-inclusion-project-the-reinhard-mohn-prize-2011/
bacT,http://wz-12.co.cc:8000/?30755279762189309501315750212693
bacU,http://wz-10.co.cc:8000/?23547890650869647427055674358748
bacV,http://bit.ly/d9HQ7P
bacW,http://affiliate.adtrtracker.com/rd/r.php?sid=4&pub=501503&c1=Z11Fu2&c2=p0V8&c3=4v3X
bacX,https://crmoi.oi.com.br/crmi/crm/callcenter/attendance/AttendanceController?attendanceAction=3&cli_cod=1163615597
bacY,http://www.ooedoonsen.jp/
bacZ,http://oshiete1.goo.ne.jp/qa3755065.html
bac0,https://goo.gl/bac0
bac1,http://online.wsj.com/article/BT-CO-20101013-715895.html
bac2,http://ubbin.com/
bac3,http://www.youtube.com/watch?v=feuHP2ni7O0
bac4,http://www.ohlone.edu/org/techprep/courses.html
bac5,http://www.google.com.br/webhp?sourceid=navclient&hl=pt-BR&ie=UTF-8&rlz=1T4SHCN_pt-BRBR358BR359
bac6,http://wz-2.co.cc:8000/?75078953769654655466900657879560
bac7,http://zuilink.com/links/search?hashed_id=7027d09af6f04a950da4
bac8,http://www.guardian.co.uk/technology/blog/2010/oct/06/facebook-privacy-phone-numbers-upload
bac9,http://new.cb.com.cn/html/34/n-57034.html
bada,http://fabionamiuti.hd1.com.br/sorocaba2010.htm
badb,http://www.flickr.com/photos/fenng/5082569455/
badc,http://www.macstories.net/ipad/dropbox-for-ipad-available/?utm_source=feedburner&utm_medium=feed&utm_campaign=Feed:+macstoriesnet+(MacStories)&utm_content=Google+Reader
badd,http://wz-9.co.cc:8000/?88952385428964701036860329731631
bade,http://www.zoominfo.com/account#profile?targetid=content
badf,http://www.hollandnightout.com/events/52724/grand-haven-artwalk
badg,http://twitter.com/tina0209/status/13132563804
badh,http://apps.facebook.com/inthemafia/index.php?next_params=YTozOntpOjA7czozOiJ3YXIiO2k6MTtzOjQ6InZpZXciO2k6MjtzOjE4MjoiJmxlYWRlcl9pZD1wJTdDNDgxMDI1MzcmaW5zdGFsbF9zb3VyY2U9ZmVlZCZpbnN0YWxsX2xpbms9ZGVjbGFyZV93YXImc2VuZGtleT05NmY5NWM4MWQxMjlhNjE4YjIwOTU2ZDYxYWMwMTMwNyQkY2tLKU5ZVFcyMWJOWTUqVXhOSSpQLSkyaEhRb3VNWHFMeFE2Y2pmaC00cU9hakZuTmIwaHZTZFB0WFBMcEpnWXNCV0JESGEiO30%3D
badi,http://en.wikipedia.org/wiki/List_of_30_Rock_characters
badj,http://wz-17.co.cc:8000/?91667345034992674138815783547553
badk,http://www.youtube.com/watch?v=4wyJIIP5a1Q&feature=player_embedded#!
badl,http://www.androidiani.com/news/per-me-lipad-e-una-cagata-pazzesca-5530
badm,http://forum.dvdtalk.com/other-talk/567646-facebook-color-posts-chicks.html
badn,http://www.washingtonpost.com/wp-dyn/content/article/2010/06/26/AR2010062603649_pf.html
bado,http://nnm.ru/ErmakT/mens_health_tips_for_2007/
badp,http://wz-20.co.cc:8000/?21916203617636540032419185317540
badq,http://twitter.com/maburina/status/17083275108
badr,http://drop.io/henryhu/asset/u996-rar
bads,http://www.nu.nl/achterklap/2267189/sylvie-heeft-moeilijk-5-jarige-trouwdag.html
badt,http://goo.gl/wuZW
badu,http://www.google.com/
badv,http://wz-12.co.cc:8000/?12020807963998725641239731524251
badw,http://matterhorn.pedromagician.com/main.php?show=1&typrou=-1&diaryear=2&detail=930&action=showarticle&sectionid=15&sort=name2&article=11
badx,http://barcampcucuta.org/Paginas/Inicio.aspx
bady,http://www.droid-life.com/2010/09/20/htc-lexikon-will-be-verizons-next-droid/
badz,http://trinamilan.cat/2010/09/05/escola-20-i/
badA,http://jn.sapo.pt/PaginaInicial/Mundo/Interior.aspx?content_id=1489011
badB,http://www.cybozu.net/?k=EJhUEpgPKNBhiQaDYBXRUUguEnAkENgGKVBUiQJkYSXfUxhHvQ
badC,http://nnm.ru/meryli/lepestki_nadezhdy_hope_springs_2003_dvdrip/
badD,http://adage.com/digital/article?article_id=146709
badE,http://zerohora.clicrbs.com.br/zerohora/jsp/default.jsp?uf=1&local=1&section=Mundo&newsID=a3064078.xml
badF,https://goo.gl/badF
badG,http://twitpic.com/1q4y9n
badH,http://bit.ly/9n6QYs
badI,http://www.google.com/search?sourceid=navclient&hl=en&q=tw
badJ,http://apps.facebook.com/sororitylife/?ref_id=1648128969&send_timestamp=1279599825&track=invite-IGGiftAccept-4000158-20100304-0&action=claimGift&from=1648128969&target=4000158&gift_hash=69dd575ef6eed27a42d6fe6e08e8a5fc&gift_timestamp=1279599825000
badK,http://www.youtube.com/watch?v=74g0hLeviuA
badL,https://docs.google.com/a/google.com/viewer?url=http://www.uscis.gov/USCIS/Green%2520Card/Green%2520Card%2520Through%2520a%2520Job/Employment%2520Based%2520I-485%2520Pending%2520Inventory%2520as%2520of%2520May%252027%25202010.pdf
badM,http://www.sgrab.ru/get.php?service=youtube&title=Crabfu+-+Super+Steam&url=http://www.youtube.com/watch?v%3D9E6HFN-dPS8
badN,http://www.es-noticia.com/viewer.jsp?url=http://www.noticias24.com/actualidad/noticia/163034/ramirez-acudio-a-la-fiscalia-para-solicitar-auditoria-publica-del-fondo-de-jubilaciones&title=Ram%C3%ADrez+acudi%C3%B3+a+la+Fiscal%C3%ADa+para+solicitar+auditor%C3%ADa+p%C3%BAblica+del+fondo+de+jubilaciones
badO,http://www.takomama.com/product/3822-%E5%AE%89%E5%B9%B3%E5%B0%8F%E8%88%96-%E4%BD%8E%E7%B3%96%E6%89%8B%E5%B7%A5%E6%9D%8F%E4%BB%81%E7%89%9B%E8%BB%8B%E7%B3%96%E7%B6%9C%E5%90%88%E5%8C%85.htm
badP,http://www.izone.ru/internet/local/teamviewer.htm
badQ,http://www.sfgate.com/cgi-bin/article.cgi?f=/c/a/2010/09/21/BUO21FH47H.DTL
badR,http://wz-8.co.cc:8000/?40976066324596826511077662185986
badS,http://wz-17.co.cc:8000/?67235047860737753969834306811241
badT,http://wz-11.co.cc:8000/?89862628258580024072607233152626
badU,http://naser95.jeeran.com/%D8%B5%D9%88%D8%B1%D8%A9%20045%20(Medium).jpg
badV,http://twitter.com/bmazzeo/status/26184911556
badW,http://wz-4.co.cc:8000/?58466376767991367108126554014270
badX,http://wz-15.co.cc:8000/?21535224747377989369215009443046
badY,http://wz-14.co.cc:8000/?11754784705580814909434521693912
badZ,http://ru.wikipedia.org/wiki/%D0%A6%D0%B0%D1%80%D1%8C_(%D1%84%D0%B8%D0%BB%D1%8C%D0%BC)
bad0,http://www.torontosun.com/news/canada/2010/04/23/13700486-qmi.html
bad1,http://www.palyazatmenedzser.hu/foallasu-angyalokat-keres-a-vodafone-magyarorszag/
bad2,http://www.asos.com/French-Connection/French-Connection-Mimick-Perforated-Wallet/Prod/pgeproduct.aspx?iid=877486&cid=6516&sh=0&pge=0&pgesize=20&sort=-1&clr=Black
bad3,http://www.engadget.com/2010/10/13/tivo-launches-online-season-pass-manager/
bad4,http://blog.flickr.net/en/2010/04/02/will-you-want-to-eat-them/
bad5,http://apps.facebook.com/kingdomsofcamelot/convert.php?pl=1&in=62384&ty=3&si=107&wccc=fcf-feed-107&ln=31&da=20100228&ex=lid:5%7Cgid:6%7Ccid:46329%7Csid:62384%7Cs:18&ref=nf
bad6,http://tvnews.media.daum.net/view.html?cateid=1020&newsid=20100408080620988&p=sbsi
bad7,http://wz-17.co.cc:8000/?35923347032317323442488159540942
bad8,http://www.thehilltimes.ca/page/view/gun-08-30-2010
bad9,http://www.azuma.com.au/kushiyaki/downloads/Kushiyaki_degustation.pdf
baea,http://www.extremaduraaldia.com/extremadura/mas-de-60-alumnos-de-secundaria-participaran-manana-en-merida-en-el-iii-concurso-regional-de-ortografia/56979.html
baeb,http://windows.microsoft.com/de-DE/windows-vista/Start-your-computer-in-safe-mode
baec,http://travel.yahoo.com/p-interests-35531554
baed,http://nnm.ru/hirax/iron_maiden_best_of_the_b_sides_2002/
baee,http://apps.facebook.com/castle_age/battle_monster.php?user=100001043430259&mpool=1
baef,http://twitter.com/romancexsky/status/15116329802
baeg,http://www.mariooyunlari.net/hugo-yapboz-mario-oyunlari/
baeh,http://spectator.org/archives/2010/02/12/andrew-sullivans-island
baei,http://grupomudandodestinos.blogspot.com/2010/06/exposicao-fotografica-maes-do-coracao.html
baej,http://baseball.yahoo.co.jp/npb/headlines/20101008-00000004-sanspo-base?d=0&team&date&pg=1&p
baek,http://erooups.com/2010/01/26/omg_of_the_day_victim_of_fast-foods_not_for_fait-hearted_6_pics.html
bael,http://www.wsfa.com/Global/story.asp?S=13334459
baem,http://www.extremaduraaldia.tv/index.php?option=com_seyret&amp;Itemid=8&amp;task=videodirectlink&amp;id=1113
baen,http://tw.page.bid.yahoo.com/tw/auction/c52663478?u=aikoinjp09
baeo,http://nnm.ru/duna29/kano_-_new_york_cake_1981_reissue_2008_2/
baep,http://www.binbirmarka.com.tr/KMDefault.aspx
baeq,http://www.jolatefri.com/nsfw/video/2248/apprendre-les-gestes-qui-sauve-avec-deux-filles-sexy?PHPSESSID=51633caa6a50c1833d3ac9dc952d13f9
baer,http://wz-10.co.cc:8000/?31968928136467339859680866293866
baes,http://wz-10.co.cc:8000/?33468341953943676891353798078415
baet,http://wz-11.co.cc:8000/?75464026895984994552701188035021
baeu,http://www.youtube.com/watch?v=H7g8galf9ac&feature=player_embedded
baev,http://www.youtube.com/watch?v=COVxy4hYypw&feature=player_embedded
baew,http://www.bornrich.org/entry/4n-timepiece-is-for-the-man-who-truly-has-everything/
baex,http://nnm.ru/9solovey/fantasydvd_player_platinum_955_build_724/
baey,http://futabachan.info/view/may/9160197
baez,http://www.materik-m.ru/news-rezhim_raboti_kompanii_quotmaterikquot_na_noyabrskie_prazdniki_v_2010_godu-95.html
baeA,http://www.port01.com/partyfotos/Gera/08.05.2Jahre_Barclays_Sportlerball_Barclays_SportEventbar_Gera-40-44239.htm
baeB,http://wz-10.co.cc:8000/?29490006614691651009907307734179
baeC,http://www.theglobeandmail.com/news/national/british-columbia/province-unable-to-recover-assets-of-virk-basi/article1767817/
baeD,http://www.guardian.co.uk/business/2009/sep/16/guardian-executive-pay-survey-ratios
baeE,http://www.facebook.com/profile.php?id=100000588026856&ref=ts#!/
baeF,https://spreadsheets0.google.com/ccc?key=t8KrPmUqNE2-WJjo0jFGiaQ&hl=th&pli=1#gid=3
