aaaa,http://www.healthcheq.hk/
aaab,http://wz-3.co.cc:8000/?33826567297726945388052038983818
aaac,http://news.163.com/10/0326/22/62O16L7T000146BD.html
aaad,http://sphotos.ak.fbcdn.net/hphotos-ak-snc4/hs308.snc4/40720_148867448490479_100001016747757_237813_6885893_n.jpg
aaae,http://greencardforall.org/template1_index_eng.htm?afk=gc4allstep1landeng&popup=1&sp
aaaf,http://nnm.ru/daimee/muffler_the_iron_tune_listen/
aaag,http://www.manta.com/company/mtcytlq
aaah,http://r.tabelog.com/tokyo/A1321/A132101/13008876/
aaai,http://mrdoob.com/lab/javascript/effects/ie6/
aaaj,https://goo.gl/aaaj
aaak,http://www.cnbeta.com/articles/121116.htm
aaal,http://www.huffingtonpost.com/2010/09/26/apple-antitrust-inquiry-e_n_739510.html?utm_source=chrome
aaam,http://wz-11.co.cc:8000/?19990077178908981494322928896845
aaan,http://www.bullogger.com/blogs/ranyunfei/archives/366186.aspx
aaao,http://wz-3.co.cc:8000/?05312042057491642109731981841446
aaap,http://wz-15.co.cc:8000/?27024936267768967619841631331154
aaaq,http://br.noticias.yahoo.com/s/reuters/100816/entretenimento/cultura_gente_padre_skatista_youtube
aaar,http://www.extremaduraaldia.com/jose-luis-arellano/la-cruz-roja-emeritense-y-sus-limitaciones/6346.html
aaas,http://rxwang.blogbus.com/
aaat,http://publicintelligence.net/an-introduction-to-computer-forensics-courtesy-of-the-u-s-secret-service/
aaaa,http://www.healthcheq.hk/
aaau,http://www.youtube.com/watch?v=NNT0_c1c6LY&feature=player_embedded
aaav,http://wz-15.co.cc:8000/?87676867804651393616629451364427
aaaw,http://www2.cin.ufpe.br/site/secao.php?s=3&c=31
aaax,http://www.thewildernessdowntown.com/
aaay,"http://maps.google.com/maps?q=lodz,+lodz&oe=utf-8&rls=org.mozilla:pt-BR:official&client=firefox-a&um=1&ie=UTF-8&hq&hnear=Lodz,+Poland&ei=c5-6TL3DOIjtOe7W7fIM&sa=X&oi=geocode_result&ct=title&resnum=1&ved=0CBQQ8gEwAA"
aaaz,http://www.webcg.net/WEBCG/essays/editor/e0000018584.html?pg=1
aaaA,http://twitter.com/k_sizuru/status/12293666003
aaaB,http://www.rcetj.org/index.php/rcetj/article/view/11
aaaC,http://www.kabytes.com/web-20/alternativas-a-wordpress/?utm_source=feedburner&utm_medium=feed&utm_campaign=Feed:+kabytes+(Kabytes)
aaaD,https://www.epocrates.com/liteRegistration.do?mode=display
aaaE,http://poliquonautemarocain.blogspot.com/2010/06/aeroport-mohamed-v-bienvenue-dans.html
aaaF,http://blog-imgs-43.fc2.com/y/u/n/yunakti/x2_24aa60b.jpg
aaaG,http://apps.facebook.com/sororitylife/?ref_id=1648128969&send_timestamp=1279939955&track=invite-IGGiftAccept-5001-20100304-0&action=claimGift&from=1648128969&target=5001&gift_hash=0becafe876e0bdd0c38429600b9b26d4&gift_timestamp=1279939955000
aaaH,http://www.youtube.com/watch?v=xOHABM7-bck
aaaI,http://www.npdbrasil.com.br/religiao/Padre_Marcelo_Rossi.htm
aaaJ,http://www.gizmodo.jp/2010/04/apple-didnt-leak-the-iphone.html?utm_source=atom&utm_medium=rss
aaaK,http://www.band.com.br/jornalismo/mundo/conteudo.asp?ID=318675
aaaL,http://wz-11.co.cc:8000/?56466588502256558745752560579377
aaaM,http://www.univision.com/content/videoplayer.jhtml?cid=2482663
aaaN,http://wz-3.co.cc:8000/?14929330106863570979523551718263
aaaO,http://www.vialatte.com/
aaaP,http://www.favo.co.jp/cgi/blog/blog.cgi?time=1288424169&id=mizuma&mode=disp&category=4&all_disp
aaaQ,https://mail.google.com/mail/?ui=html&zy=l&pli=1&auth=DQAAAM4AAADktO4D6y5FlfNhgjZHjoRfWdTVespcBd0uSmx8tCB7CCi_PU_qYtiocjLEL17Owrb_F7xUhKaVpAw_bUWpUZN6Zn9rmcqSAgKOAjqwPzSxVoshgFYlGnkwxO6of4SgueltbADOcWzV3_rpNlfRJmC3rP9kOsLmAVC-ZQZpqXVN2PbMgdVXuOXyV10wA7whzXcsh0u3lSVF_3jHHObZx7LUbOW-lx4e00wdU1uLRRxLT3cHqjTrLf4A-vMkySqWXP9lhzzT1nhCtflKRIKNV4Zl&gausr=jamilassis@gmail.com
aaaR,http://pt.wikipedia.org/wiki/Anita_Malfatti
aaaS,http://wz-5.co.cc:8000/?67065666398066595241999147545893
aaaT,http://www.animaxis.com/ja/shop/product.asp?sku=156537-00
aaaU,http://www.youtube.com/watch?v=2RyPamyWotM&feature=channel
aaaV,http://weheartit.com/allshit
aaaW,http://r3writinglife.blogspot.com/
aaaX,http://wz-16.co.cc:8000/?55558434217079071593618265080227
aaaY,http://www.reviewcatalogue.com/jay-and-silent-bob-strike-back-2001
aaaZ,http://colinwalker.me.uk/2010/05/why-all-the-buzz-about-buzz/
aaa0,http://www.digitimes.com/news/a20100817PD207.html
aaa1,http://www.horsebase.com/pferde/95071/vielseitiges-turnier-und-freizeitpferd.html
aaa2,http://www.itmedia.co.jp/enterprise/articles/1002/25/news029.html
aaa3,http://www.dailykos.com/storyonly/2010/5/27/870624/-BP-Blaming-Employees-For-The-Gusher
aaa4,http://apps.facebook.com/castle_age/battle_monster.php?user=100000735617097&mpool=3&action=doObjective
aaa5,http://link-share.appspot.com/link?no=17033
aaa6,http://www.salconmigo.cl/?utm_source=gillette&amp;utm_medium=home_standard&amp;utm_content=V1&amp;utm_campaign=bc
aaa7,http://www.noticiasmedicas.es/medicina/noticias/2974/1/Acreditado-el-primero-de-los-cuatro-Institutos-de-Investigacion-Sanitaria/Page1.html
aaa8,"http://g1.globo.com/Noticias/Mundo/0,,MUL1532580-5602,00-VOCE+VIU+A+MORTE+DO+CARTUNISTA+GLAUCO+E+OUTRAS+NOTICIAS+DA+SEMANA.html"
aaa9,http://www.jolatefri.com/parodie/video/1787/membre/membre/THB?PHPSESSID=c9c1429f4107fd2315a2173fdc1f55f3
aaba,http://apps.facebook.com/castle_age/battle_monster.php?user=1090068192&mpool=3&action=doObjective
aabb,http://www.amazon.com/dp/1933796197?tag=kiddyhousecom-20&camp=14573&creative=327641&linkCode=as1&creativeASIN=1933796197&adid=0QVG6GKHNMGQYCN9XKFM&
aabc,http://www.youtube.com/watch?v=c_yVP4HL4EM
aabd,http://ricardofraga.com.br/citroen/citroen.png
aabe,http://wz-12.co.cc:8000/?42511148385628626585653407671256
aabf,http://www.dustinhome.se/pd_5010176857.aspx
aabg,http://www.zenkimchi.com/FoodJournal/archives/4422
aabh,http://www.avgbrasil.com.br/avg-pctuneup
aabi,http://wz-1.co.cc:8000/?83712774613594567393262424152690
aabj,http://techcrunch.com/2010/07/27/kanye-west-facebook-twitter/
aabk,http://www.google.com/webhp?hl=sr&source=hp&btnG=Google+%D0%BF%D1%80%D0%B5%D1%82%D1%80%D0%B0%D0%B3%D0%B0&lr&rlz=1W1GGLL_sr&aq=f&aqi&oq&gs_rfai
aabl,http://www.linkedin.com/profile?viewProfile&key=33321&locale=en_US&trk=tab_pro
aabm,http://twitter.com/tt3200/status/17956686956
aabn,http://geekadelphia.com/2010/08/18/dialog-tree-why-does-the-mmo-treatment-diminish-franchises/
aabo,http://100.yahoo.co.jp/detail/%E3%82%B4%E3%83%B3%E3%82%B4%E3%83%A9/
aabp,http://www.cooliris.com/tab/#f=Channels&guid=http%3A%2F%2Fdiscover.cooliris.com%2F%3Fitem_id%3D2622328%26feed_id%3D129%26partner_id%3D%26vertical_name%3Dchannels%26channel_id%3D%26added_at%3D21155279%26admin_default%3D0
aabq,http://taisya.denze.net/saibo.html
aabr,http://wz-18.co.cc:8000/?71976856875267897466322560859732
aabs,http://jp.bloguru.com/index.php?ID=04187&skin=1&bid=b26499376&#d00015274
aabt,http://www.facebook.com/profile.php?id=100000158568537
aabu,http://wz-7.co.cc:8000/?10132067881513090866855524911536
aabv,http://nnm.ru/raaveen85/best_service_galaxy_steinway_5_1_v1_0_hybrid_3_dvds/
aabw,http://wz-18.co.cc:8000/?60182340971544486011325083466216
aabx,http://www.quintcareers.com/first-year_success.html
aaby,http://wz-7.co.cc:8000/?60264128713815678868995377696900
aabz,http://wz-14.co.cc:8000/?66228474980150840853130875015022
aabA,http://www.jmra-net.or.jp/conference2010/
aabB,http://tjdf19.tjdft.jus.br/cgi-bin/tjcgi1?NXTPGM=tjhtml105&SELECAO=1&ORIGEM=INTER&CIRCUN=1&CDNUPROC=20100111331622
aabC,http://wz-16.co.cc:8000/?27318323882718640060173470964773
aabD,http://dailycaller.com/2010/09/29/republicans-bachmann-king-and-goodlatte-lead-charge-against-alleged-fraud-in-settlement-with-black-farmers/
aabE,http://live.nicovideo.jp/liveplayer.swf?v=lv11997634
aabF,http://www.extremaduraaldia.com/asamblea/la-junta-asegura-que-estan-cubiertas-todas-las-necesidades-del-alumnado-con-autismo-/104423.html
aabG,http://www.sgrab.ru/get.php?service=youtube&title=Boogie-woogie+World+Championships+2007&url=http://www.youtube.com/watch?v%3DU02d_B0f8ac%26feature%3Drelated
aabH,https://www.dropbox.com/referrals/NTY2OTg2OTg5
aabI,http://www.metronieuws.nl/index.php?actie=nieuws&c=1&id=187636
aabJ,http://wz-20.co.cc:8000/?53086573756562252451435765056572
aabK,http://www.youtube.com/watch?v=cJNfllmt23M
aabL,http://www.erlichfoods.com/index.html
aabM,http://www.internetmonk.com/archive/another-look-the-advance-team-is-spreading-the-word
aabN,http://wz-14.co.cc:8000/?30938075252420641333209967315798
aabP,http://www.canalrcnmsn.com/programas/amor_en_custodia
aabQ,http://fungraph.ru/sites/default/files/imagecache/graph-embed/graph_builder/c900c604fef7d6343650c327390dde230f4f7ee9.png
aabR,http://www.semissourian.com/story/1671062.html
aabS,http://www.oztion.com.au/secure/user/items/sell/items.aspx?itemid&title&buyer&dur&statusid=2&orderby&pgsize&pg=5
aabT,http://yfrog.com/2gthylj
aabU,http://otempo.com.br/noticias/ultimas/?IdNoticia=68571
aabV,http://wz-14.co.cc:8000/?81616500764212886170087645967178
aabW,https://goo.gl/aabW
aabX,http://wz-12.co.cc:8000/?56783219491886640369390870030929
aabY,http://video.nhl.com/videocenter/console?catid=35&id=78338
aabZ,http://www.google.com/search?q=http://www.biography.com/articles/Viola-Gregg-Liuzzo-370152&hl=en&source=hp&aq=f&aqi&aql&oq&gs_rfai&safe=active&btnG=Search
aab0,http://service.jx.chinamobile.com/SMSPasswordVerify
aab1,http://ask.com/
aab2,http://www.youtube.com/watch?v=SfcZNuxx8wE
aab3,http://apps.facebook.com/castle_age/battle_monster.php?user=1133614243&mpool=3&action=doObjective
aab4,http://wz-2.co.cc:8000/wm/?27775204299591464887593429163712
aab5,http://www.dapenti.com/blog/more.asp?name=xilei&id=33129
aab6,http://julioarchanjo.blogspot.com/2010/06/t-shirts-allnigth.html
aab7,http://yaplog.jp/vanasenju/archive/38
aab8,http://teamtwiperv.blogspot.com/2010/03/remember-me-trailer-2.html
aab9,http://speedyrxmedz.com/?val=8534
aaca,http://wz-1.co.cc:8000/?03907439320562832192754715628763
aacb,http://www.stadtnetz-radevormwald.de/article49167-2071.html
aacc,http://www.youtube.com/profile?user=XPtutoriales1&feature=iv&annotation_id=annotation_617656
aacd,http://leprastuff.ru/data/img/20100822/5bc2e5731b29665ad710373d50452f57.gif
aace,http://zuilink.com/links/search?hashed_id=111ce09d6159c2098349
aacf,http://www.extremaduraaldia.com/extremadura/ormex-firma-manana-un-acuerdo-con-cepes-extremadura-para-iniciar-su-proceso-de-incorporacion-a-dicha-confederacion/46946.html
aacg,https://goo.gl/aacg
aach,http://wz-19.co.cc:8000/?87624303064789965891085539007368
aaci,http://atlanticcityhoteldiscount.com/
aacj,http://a342.g.akamai.net/7/342/86068/v001/tw.img.nextmedia.com/images/twapple/640pix/20100713/EN10/EN10_005.jpg
aack,http://www.wallpaper-area.ch/index.php?page=wallpaper&id=23213
aacl,https://payment.allopass.com/buy/buy.apu?ids=230793&idd=909923
aacm,http://apps.facebook.com/frontierville//tracks.php?sendkey=107809f3ad55a93acc559a4e6cb41481$$ccF(NUPS11rGP).UzNKZxY)k!tMGCF)mo1qc3d*(3dvR-cxe&frhk=7b34ac755a146a931341a3a0fa30c96e&frid=1:100000104388567&level_no=41&ref=nf
aacn,http://www.myspace.com/directory/people/M
aaco,http://www.baynews9.com/content/36/2010/3/8/592302.html?title=Shows+with+gays+excluded+from+proposed+tax+credit&cid=rss
aacp,http://cgi.ebay.com/ws/eBayISAPI.dll?ViewItem&rd=1&item=220663716624&ssPageName=STRK:MESE:IT
aacq,http://twitter.com/harukaspsp/status/16046408102
aacr,http://wz-3.co.cc:8000/?39278354463037509359825490046417
aacs,http://wz-13.co.cc:8000/?42925155983395731702774172587138
aact,http://www.dropbox.com/gallery/1426281/1/Canada%202010?h=f46637
aacu,http://wz-15.co.cc:8000/?93380312997580407309708472435963
aacv,http://www.sedentario.org/internet/momentos-esqueciveis-do-carnaval-2-3-24776
aacw,http://m.cnbc.com/id/37004242?__source=RSS*blog*&par=RSS&utm_source=twitterfeed&utm_medium=twitter
aacx,http://www.facebook.com/?ref=logo#!/event.php?eid=111069372266317&ref=mf
aacy,http://farm4.static.flickr.com/3231/2983544264_2a369e73af.jpg
aacz,http://twitter.com/1day1quiz/status/13046821900
aacA,http://mosaic-on.com/5312/heineken-the-tube/
aacB,http://www.orkut.co.in/Main#Scrapbook?uid=3974135580491224389
aacC,http://energy.fabrizioballiano.net/Message%20bounce%20test%20registrazione/chit%20LTD%20-%20MESA%20SD1.wav
aacD,http://www.playfrance.com/news-ps3-batman-arkham-city-encore-illustre-981021.html
aacE,http://live.nicovideo.jp/liveplayer.swf?v=lv19450312
aacF,http://twitter.com/KTOEA/status/8755864802
aacG,http://www.etsy.com/listing/42227728/antiqued-brass-chain-lightly-patterned
aacH,http://www.washingtonpost.com/wp-dyn/content/article/2010/07/05/AR2010070502615.html
aacI,http://25.media.tumblr.com/tumblr_lar7ro2ZzZ1qzpwi0o1_500.png
aacJ,http://www.sciencedaily.com/releases/2010/03/100316101610.htm
aacK,http://www.metrotvnews.com/mobile-site/text-detail.php?read=31155&tgl=2010-10-11
aacL,http://pplware.sapo.pt/vm/guest-additions-no-virtualbox/
aacM,http://wz-6.co.cc:8000/?86763505636520913846063443416506
aacN,http://nnm.ru/prefect007/mega_hity_2009/
aacO,http://www.mobypicture.com/user/sofish/view/6668981
aacP,http://wz-20.co.cc:8000/fz/?94799570927705138356142815798944
aacQ,http://nnm.ru/mains6/adobe_photoshop_cs4_special_edition-novaya_sborka_portable_2009/
aacR,http://www.facebook.com/album.php?aid=16425&id=100001434887296
aacS,http://www.bariloche.com.ar/museo/MAPU.HTM
aacT,http://wz-18.co.cc:8000/?08082419192775741155131310997491
aacU,http://go2offer.net/?do=cpa&where=1210&t=5GU0670f
aacV,http://wz-6.co.cc:8000/?12705209649182037765471857834831
aacW,http://wz-12.co.cc:8000/?05111110409054069609112689288996
aacX,http://www.facebook.com/index.php?lh=a28c0db3233c3973c5bd9dd760df5f8b&eu=e0tVFxCAAgoGfWNygV_zvg
aacY,http://canadiens.nhl.com/club/news.htm?id=528312&cmpid=rss-News+in+English
aacZ,http://twitter.com/shukuya/status/28010013735
aac0,http://octobermedia.com/secret/JaymEsch.jpg
aac1,http://apps.facebook.com/castle_age/battle_monster.php?user=100000146010449&mpool=2
aac2,http://whi.s3.prod.lg1x8.simplecdn.net/images/2932386/tumblr_l5a2btbv0U1qcvgt5o1_500_large.jpg?1278698221
aac3,http://www.eyesboard.com/
aac4,http://www.nytimes.com/2010/06/30/business/30books.html?_r=1&ref=technology
aac5,http://www.facebook.com/profile.php?id=100000330439262
aac6,http://twitter.com/ktai_diary/status/13956120596
aac7,http://wz-9.co.cc:8000/?77101773041203407468289858323120
aac8,http://www.flickr.com/explore/interesting/
aac9,http://www.yelp.com/biz/gibraltar-restaurant-coconut-grove
aada,http://www.medgadget.com/archives/2010/10/transenterix_spider_surgical_system_gets_ce_mark.html
aadb,http://www.ubergizmo.com/15/archives/2010/10/first_all-robot_surgery_performed_at_mcgill_university.html?utm_source=twitterfeed&utm_medium=twitter
aadc,http://www.newertech.com/products/voyagerq.php
aadd,http://www.youtube.com/watch?v=KmXT75iaDCA&eurl=http://www.vladtv.com/images/flash/flvplayer-480x360_ver10.swf&feature=player_embedded
aade,https://goo.gl/aade
aadf,http://wz-10.co.cc:8000/sj/?63795225604816734157099278554536
aadg,http://i-store.co.kr/front/php/product.php?product_no=512&main_cate_no=90&display_group=1
aadh,"http://www.cooks.com/rec/doc/0,1739,148184-242195,00.html"
aadi,http://mignews.co.il/news/photo/world/200610_163339_01043.html
aadj,http://wz-13.co.cc:8000/?52414201938596419364143148633891
aadk,http://www.pravo.ru/news/view/38554/
aadl,http://wz-14.co.cc:8000/?68410122249028368006004619236381
aadm,http://wz-19.co.cc:8000/?54174872440112833577723721239658
aadn,http://thus77et.blogspot.com/
aado,https://www3.wesabe.com/
aadp,http://www.dailywealth.com/1479/Starting-Now-57-and-45-Annual-Gains-in-Boring-Investments
aadq,http://www.google.de/search?q=gebrauchtwagen+a6+berlin&pws=0
aadr,http://www.caregiverstress.com/search-results/?q=respite+care
aads,http://www.momsownwords.com/?p=1701
aadt,http://www.liveinternet.ru/users/3166127/post135851366/
aadu,http://verslareussite.onlc.fr/142-Gagner-de-lArgent-en-ligne-vous-intYoresseYia-ne-dYopend-que-de-VOUS.html
aadv,http://blkosiner.blogspot.com/2010/09/blogfest-giveaway-here.html
aadw,http://www.orkut.com/Main#Album?uid=12332691086591307894&aid=1275650773
aadx,http://flosrota.blog32.fc2.com/blog-entry-136.html
aady,http://www.welingelichtekringen.nl/rare-kwallen.html
aadz,http://www.youtube.com/watch?v=RvXd49G3daQ&feature=related
aadA,http://www.rtl.nl/service/gids/
aadB,http://germanecheverria.com.ar/2010/02/presentacion-rosario-valley-diciembre-2009/
aadC,http://goo.gl/2Bec
aadD,http://m106.mail.qq.com/cgi-bin/frame_html?sid=SrIyEP2dMNlXKDV*&r=a1d847cb67c471f0a46a6437ac6b75d6
aadE,http://goo.gl/14Yr
aadF,http://wz-13.co.cc:8000/?51489557202831197602412064069977
aadG,http://joaquinzinho.carbonmade.com/projects/90638#17
aadH,http://wiki.github.com/ry/node
aadI,https://sites.google.com/site/otakingexwiki/shin-puro
aadJ,http://www6.atwiki.jp/viptop/pages/25.html
aadK,http://wz-16.co.cc:8000/?05588264893581033680793555704389
aadL,http://zuilink.cn/links/search?hashed_id=5aaacb9a3549d5256873
aadM,http://cgi.ebay.co.uk/ws/eBayISAPI.dll?ViewItem&item=270574685146&ssPageName=STRK:MEWAX:IT#ht_500wt_1182
aadN,http://bbs.saraba1st.com/2b/space-uid-166382.html
aadO,http://www.youtube.com/watch?v=B9Swj2K_w0o
aadP,http://www.google.com/tv/
aadQ,http://www.yu-gou.com/miaosha/?z=289
aadR,http://www.androidcentral.com/dell-roadmap-shows-sparta-athens-android-netbooks-alongside-smartphones
aadS,http://livetube.cc/RAYusamimi/BMS+%E6%9C%AA%E3%83%97%E3%83%AC%E3%82%A4%E6%9B%B2%E3%83%A9%E3%83%B3%E3%83%80%E3%83%A0%E9%85%8D%E4%BF%A1+%E3%81%9D%E3%81%AE4%E3%80%80%E7%AB%8B%E3%81%A6%E7%9B%B4%E3%81%97
aadT,https://goo.gl/aadT
aadU,http://www.24hourfitness.com/FindClub.do?radius=25&corporateId=14415&memberId&zip=89436&street&city&state&x=8&y=6&edit=null
aadV,http://apps.facebook.com/sororitylife/?ref_id=619745651&send_timestamp=1278027995&track=invite-GiftAccept-Overlay-0&action=claimGift&from=619745651&target=5001&gift_hash=dfaafd26c1c20be14dc8d1e2b93a6177&gift_timestamp=1278028171016
aadW,http://wz-16.co.cc:8000/?66835130658769124232103597236808
aadX,http://southeastagnet.com/2010/05/26/citrus-advertiser-explains-heavy-use-of-social-media/
aadY,http://nnm.ru/OMu4/chjornyj_voron_ot_vecheslava_mednonogova_4_zx_scorpion/
aadZ,http://www.orkut.com.br/Main#CommMsgs?cmm=107022677&tid=5524577821477016757
aad0,http://plusd.itmedia.co.jp/mobile/articles/1009/02/news078.html
aad1,http://www.youtube.com/watch?v=z4rGrUFOjqE
aad2,http://wz-16.co.cc:8000/?04710182006661047075802468653400
aad3,http://www.sgrab.ru/get.php?service=youtube&title=%D0%BB%D0%B5%D0%B9%D0%BA%D0%BE%D1%86%D0%B8%D1%82+%D0%BE%D1%85%D0%BE%D1%82%D0%B8%D1%82%D1%81%D1%8F+%D0%B7%D0%B0+%D0%B1%D0%B0%D0%BA%D1%82%D0%B5%D1%80%D0%B8%D0%B5%D0%B9&url=http://www.youtube.com/watch?v%3Df53xIZgOQqY%26feature%3Dfvw
aad4,http://www.marca.com/blogs/superfotos/2010/05/17/nadal-federer.html
aad5,http://wz-2.co.cc:8000/?20424377917368248766272162447393
aad6,http://wz-5.co.cc:8000/?30556790247878546022145145356063
aad7,http://wz-17.co.cc:8000/?00919317431328091992698525761477
aad8,http://www.google.co.uk/#hl=en&source=hp&q=rugby+games&rlz=1R2ADRA_enGB386&aq=0&aqi=g10&aql=&oq=rugby+g&gs_rfai=&fp=22546701030962e3
aad9,http://wz-1.co.cc:8000/?73664098344852780820306808256298
aaea,http://docs.omd.pt/enews/20100118.html
aaeb,http://wz-11.co.cc:8000/?21017074613342445061121102616468
aaec,http://twitter.com/p9118z/status/14604160958
aaed,http://wz-0.co.cc:8000/?56554179012333568721058785359481
aaee,http://alethonews.wordpress.com/2010/09/23/the-end-of-combat-my-eye/
aaef,http://www.youtube.com/watch?v=x9Q0E7xjGXw&feature=related
aaeg,http://www.whptv.com/content/Blogs/ChrisPapst/default.aspx
aaeh,https://goo.gl/aaeh
aaei,http://nnm.ru/dataline/zhurnal_quattroruote_12_dekabr_2009_god/
aaej,http://twitter.com/sandbaq/status/13567933302
aaek,http://wz-10.co.cc:8000/?95164248158783181470498055461358
aael,http://www.teenymunchkins.co.uk/index.php?main_page=product_info&products_id=9753
aaem,http://buscatextual.cnpq.br/buscatextual/email.do?metodo=apresentar&nroIdCNPq=2968842157330987
aaen,http://twitter.com/ryu1rokatsumata/status/7965859172
aaeo,http://blog.ifeng.com/article/4452289.html
aaep,http://mundogeek.net/archivos/2010/05/28/informatica-vs-automoviles/
aaeq,http://www.teknikjobb.se/ledigt-jobb/nu-soker-vi-fler-it-konsulter-23261.html
aaer,http://www.nytimes.com/2010/07/03/technology/03atheist.html
aaes,https://spreadsheets0.google.com/ccc?key=tvOEuGFgjB856tgGfe6glCA&authkey=CIWO_KoF&hl=en&authkey=CIWO_KoF
aaet,http://wz-1.co.cc:8000/?55347775562674943864754997995892
aaeu,http://www.billboard.com/news/glee-writers-reveal-season-two-spoilers-1004103947.story?utm_campaign=ongoing&utm_medium=thirdparty&utm_source=outbrain#/news/glee-writers-reveal-season-two-spoilers-1004103947.story?utm_campaign=ongoing&utm_medium=thirdparty&utm_source=outbrain
aaev,http://wz-10.co.cc:8000/?28595062019975971413277413937079
aaew,http://www.singtao.com/yesterday/chi/0610eo03.html
aaex,http://www.nashvillerealestatelink.com/blogs/elizabeth_and_larry_brewer/archive/2010/05/14/franklin-home-sales-for-week-of-april-7.aspx
aaey,http://apps.facebook.com/sororitylife/?ref_id=1142151201&send_timestamp=1280332173&track=invite-giftReturn-3000041-20100713-0&action=claimGift&from=1142151201&target=3000041&gift_hash=09ab68bcdb316b6291406ff0aa405aa7&gift_timestamp=1280332173000
aaez,https://goo.gl/aaez
aaeA,http://wz-10.co.cc:8000/?95766177152548311556734267541138
aaeB,http://www.google.co.kr/search?hl=ko&newwindow=1&complete=1&q=%EC%95%88%EB%93%9C%EB%A1%9C%EC%9D%B4%EB%93%9C+sdcard+%EB%A7%88%EC%9A%B4%ED%8A%B8+intent+action&aq=f&aqi&aql&oq&gs_rfai
aaeC,http://live.nicovideo.jp/liveplayer.swf?v=lv24039197
aaeD,http://twitter.com/yukitech/status/11929036801
aaeE,http://mediamattersaction.org/blog/201005240001
aaeF,http://wz-17.co.cc:8000/wm/?86965020292900723985495698941960
aaeG,http://apps.facebook.com/castle_age/battle_monster.php?user=1552084402&mpool=3&action=doObjective
aaeH,"http://maps.google.com/maps?f=q&source=s_q&hl=tr&geocode&q=41.142774,+29.041470&sll=37.0625"
aaeI,http://support.ixtools.com/ixsupport/rdPage.aspx?rdReport=TicketLogView&TicketID=JAZZ_101005_003&ErrorVal=0&rdNoShowWait=True
aaeJ,http://olgame.gamedb.com.tw/bbs/viewthread.php?tid=5361
aaeK,http://www.flickr.com/photos/reavel/4108757441/
aaeL,http://fc01.deviantart.net/fs48/f/2009/228/0/a/bloody_jona_weinhofen_by_brokensuicide.jpg
aaeM,http://static.someecards.com/someecards/filestorage/couldnt-help-noticing-flirting-ecard-someecards.jpg
aaeN,http://twitter.com/twsoopoo/status/25361667818
aaeO,http://wz-11.co.cc:8000/?63305800198279981193265083347336
aaeP,http://newsinfo.inquirer.net/breakingnews/nation/view/20100903-290307/4th-graders-do-Math-better-in-Filipino-says-UP-prof
aaeQ,http://www.4399.com/flash/10831_2.htm?1024
aaeR,http://nnm.ru/IrinkaSTR/na_zapade_u_ukrainy_somnitelnaya_slava/
aaeS,http://comscore.com/Press_Events/Press_Releases/2010/11/comScore_Reports_Q3_2010_U.S._Retail_E-Commerce_Spending
aaeT,http://wz-16.co.cc:8000/?20866651452604790452198059000963
aaeU,http://wz-17.co.cc:8000/?30748877290955011980210348567456
aaeV,http://nnm.ru/stilus20/national_geographic_10_oktyabr_208_hq/
aaeW,https://docs.google.com/fileview?id=0BzMtU0LjYd9qMDdiZDFmZjktOWY2MC00YjQzLTgyMzAtMGUzOWY0YzcwODcw&hl=en&authkey=CPW7mNoN
aaeX,http://www.flickr.com/photos/vornstar/4745266395/
aaeY,http://www.google.com.tw/search?hl=zh-TW&q=site:www.nownews.com+%22%E4%BD%9C%E8%80%85%E9%B4%89%E7%89%87%E7%85%99%E6%A6%BB%E4%B8%8A%E7%9A%84%E7%B5%B2%E6%97%97%E8%A2%8D+%22&btnG=%E6%90%9C%E5%B0%8B&aq=f&aqi&aql&oq&gs_rfai
aaeZ,http://www.kosmo.com.my/kosmo/content.asp?y=2010&dt=0101&pub=Kosmo&sec=Sukan&pg=su_02.htm
aae0,http://www.youtube.com/watch?v=q_C20oV2s4o
aae1,http://www.orkut.com.br/Main#Application?uid=14784705736039275047&appId=721987110545
aae2,http://loluaiwfegewaiufgawefukwfea.de/
aae3,http://apps.facebook.com/castle_age/battle_monster.php?user=100000363093685&mpool=1&action=doObjective
aae4,http://www.tecnofantasia.com/cgi-bin/tfmaint.cgi/01/00/B1055070632/1286957219
aae5,http://g1.globo.com/mundo/noticia/2010/09/franceses-potestam-contra-aumento-da-idade-minima-de-aposetadoria.html
aae6,http://wz-21.co.cc:8000/?31574016034517836361596271038463
aae7,"http://news.chinatimes.com/society/0,5247,110503x132010040600487,00.html"
aae8,http://headlines.newschannel-4.org/?/Article/Headline-152421121444275258
aae9,http://wz-20.co.cc:8000/?99254863216273561246634656678400
aafa,http://www.hardestmusic.it/board/viewtopic.php?f=26&t=16366
aafb,http://goo.gl/lc8Q
aafc,http://wz-5.co.cc:8000/wum/?13175833603007736182234183842586
aafd,http://myzo.yahoo.co.jp/watch?vid=4beb68fa3b78b
aafe,http://www.beachbody.com/product/fitness_programs/p90x.do
aaff,http://www.artemis-webdesign.cz/
aafg,http://www.google.com/support/accounts/bin/answer.py?hl=br&answer=54067
aafh,http://wz-0.co.cc:8000/?95633774382743143451341709582001
aafi,http://www.kickasstorrents.com/star-wars-the-clone-wars-2008-dvdrip-axxo-t5524.html
aafj,http://s3.amazonaws.com/twitpic/photos/full/180938848.jpg?AWSAccessKeyId=0ZRYP5X5F6FSMBCCSE82&Expires=1287747897&Signature=GeqZoQp3Kgvt0ykz%2BrDB5Ub5ZH0%3D
aafk,http://www.movieroar.com/box-office/138/
aafl,http://bit.ly/ap6zDa
aafm,http://wz-1.co.cc:8000/?93535209544796183341065479006451
aafn,http://www.bitique.co.uk/bless-design/2010/08/09/comment-page-1#comment-1146
aafo,http://bit.ly/a87NIQ
aafp,http://wz-17.co.cc:8000/wum/?58813573096752027198587041023407
aafq,http://www.shopping.hp.com/store/product/product_detail/C4906AN%2523140
aafr,http://www.metal-rules.com/review/month.php?month=November&year=2010
aafs,http://www.geek.com.br/blogs/832697785/posts/12499-cientistas-sul-coreanos-transmitem-conexao-de-banda-larga-atraves-do-corpo-humano?utm_source=feedburner&utm_medium=feed&utm_campaign=Feed:+com/Evkp+(Coletivo+Home+%7C+Geek.com.br)&utm_content=Google+Reader
aaft,http://www.oktopus.lu/technologies.php
aafu,http://wz-4.co.cc:8000/?26245503785007707970032075017748
aafv,http://www.rian.ru/photolents/20100606/242514161_4.html
aafw,http://wz-3.co.cc:8000/?66733785576620119612129885724422
aafx,http://www.sodahead.com/entertainment/ryan-seacrest-was-a-nerdy-child-see-pic/blog-89325/
aafy,http://wz-11.co.cc:8000/?09864097868720396870732289790036
aafz,http://wz-11.co.cc:8000/?47708048630571075673002795047494
aafA,https://goo.gl/aafA
aafB,http://www.mindsdelight.de/2010/01/die-herkunft-des-futurama-titelsongs/?utm_source=feedburner&utm_medium=feed&utm_campaign=Feed:+MindsDelight+(Mind's+Delight)&utm_content=Google+Reader
aafC,http://ragna4fun.com.br/tagfilmes/americanpie7.html
aafD,http://www.ogbongeblog.com/2010/10/clickads-adsense-alternative-for.html
aafE,http://wz-5.co.cc:8000/?35464413005966823535867552264081
aafF,http://cgi4.nhk.or.jp/hensei/program/p.cgi?area=300&date=2010-05-24&ch=31&eid=34667
aafG,http://fhg.extremeladyboys.com/elb/fhg/1034_Nancy_qlcce/011.jpg
aafH,http://www.theaoi.com/index.php?option=com_content&task=view&id=188&Itemid=47
aafI,http://www.godrakebulldogs.com/SportSelect.dbml?DB_OEM_ID=15700&SPID=8142&SPSID=71588
aafJ,http://twitter.com/capi55/status/13860169900
aafK,http://apps.facebook.com/castle_age/battle_monster.php?user=1685903944&mpool=1
aafL,"http://maps.google.co.uk/maps?f=q&source=s_q&hl=en&geocode&q=119+East+Holly+Street+Hazleton,+PA+18201-5507,+United+States&ie=UTF8&hq&hnear=119+E+Holly+St,+Hazleton,+Luzerne,+Pennsylvania+18201,+United+States&ll=40.957657,-75.969794&spn=0.002512,0.004302&t=h&z=18"
aafM,http://www.facebook.com/profile.php?id=1481615813
aafN,http://www.enet-japan.com/shop/g/g4976219033763/
aafO,http://portable.info.pl/index.php/2010/06/dexpot-portable-1-5-3/
aafP,http://www.extremaduraaldia.com/provincia-badajoz/la-mancomunidad-de-servicios-campina-sur-acoge-unas-jornadas-sobre-empleo-formacion-y-ocio-en-la-zona/68736.html
aafQ,http://natelinha.uol.com.br/2010/09/01/not_33780.php
aafR,http://www.lileks.com/institute/funny/08/91.html
aafS,http://navalny.livejournal.com/484021.html
aafT,http://culturepopped.blogspot.com/2010/06/body-or-brains.html
aafU,http://www.nicovideo.jp/watch/sm10582986
aafV,http://www.3ersector.org.mx/sitio/index.php?option=com_content&view=article&id=100:la-expedicion-mas-alla-de-lo-imposible&catid=2:2010&Itemid=5#comments
aafW,http://zuilink.cn/links/search?hashed_id=72eadece504375940ac9
aafX,http://wz-7.co.cc:8000/?75169839682432059848307952865872
aafY,http://wz-5.co.cc:8000/?61859377691113366800303505371570
aafZ,http://upload.wikimedia.org/wikipedia/commons/thumb/4/42/Schraubenziege_-_Markhor.jpg/220px-Schraubenziege_-_Markhor.jpg
aaf0,http://apps.facebook.com/castle_age/battle_monster.php?user=1403267326&mpool=3&action=doObjective
aaf1,http://wz-20.co.cc:8000/?30252021809051403754519086058103
aaf2,http://www.amazon.com/Rework-Jason-Fried/dp/0307463745/ref=sr_1_1?ie=UTF8&s=books&qid=1269949903&sr=8-1
aaf3,http://shop.kreatiwita.de/
aaf4,http://www.youtube.com/watch?v=eaMa9XoEiqA&playnext_from=TL&videos=0pWnorR50OA
aaf5,http://www.nicovideo.jp/watch/sm9795872
aaf6,http://www.atg.com/en/points-of-view/going-mobile/
aaf7,http://www.institutofomentomurcia.es/web/portal/bienvenido
aaf8,http://www.google.co.uk/search?hl=en&safe=active&rlz=1R2SUNA_enFR353&q=complementary+therapy+portsmouth&btnG=Search&meta=cr%3DcountryUK%7CcountryGB&aq=f&oq
aaf9,http://cellphoneforums.net/htc/t303953-htc-touch-pro2-tether-wireless-router.html
aaga,http://www.youtube.com/watch?v=lmhFMpqRGKo&feature=topvideos%E5%99%97%E6%B5%AA%E4%B8%8A%E7%9A%84%E5%BD%B1%E7%89%87%E7%9C%8B%E4%B8%8D%E5%88%B0%E8%B6%B3%E7%90%83%E6%8C%89%E9%88%95%EF%BC%8C%E8%A6%81%E5%88%B0youtube%E7%B6%B2%E7%AB%99%E4%B8%8A%E7%9A%84%E6%89%8D%E6%9C%89
aagb,http://www.businessweek.com/bwdaily/dnflash/content/jan2008/db2008017_860745.htm
aagc,http://noirbright.com/?p=412
aagd,http://oshiete.goo.ne.jp/qa/3695449.html
aage,https://goo.gl/aage
aagf,http://www.follow5.com/f5/mwfm/home?u=2321827
aagg,http://www.karimsaari.com/
aagh,http://stackoverflow.com/questions/2083393/mercurial-subrepos-how-do-you-create-them-and-how-do-they-work
aagi,http://wz-0.co.cc:8000/?50151643488119028571451542577492
aagj,http://apps.facebook.com/sororitylife/?ref_id=1075153000&amp
aagk,http://www.facebook.com/profile.php?id=100001208660164&success=1
aagl,http://wz-9.co.cc:8000/?04207698390995627948179356905605
aagm,http://wz-16.co.cc:8000/?39783146466535450520444598157423
aagn,http://wz-3.co.cc:8000/?14594353399490572148790225269093
aago,http://www.twitlonger.com/show/1hstfe
aagp,http://apps.facebook.com/castle_age/battle_monster.php?user=1823238889&mpool=3&action=doObjective
aagq,http://i245.photobucket.com/albums/gg57/puntoexpress/General%20para%20avisos/Politicas5.jpg
aagr,http://wz-2.co.cc:8000/?90814014453282410899559145811625
aags,http://rs428.rapidshare.com/files/348488308/OF.B-UppedByfabzofficial.rar
aagt,http://www.bathroomwarehouse.com.au/products/browse-products/toilet-suites/bidets-bidet-tapware/tetragon-bidet/prod_782.html
aagu,http://bit.ly/dhLa0c
aagv,http://ocw.mit.edu/OcwWeb/Electrical-Engineering-and-Computer-Science/6-00Fall-2008/LectureVideos/detail/embed08.htm
aagw,http://www.gsm.org/newsroom/press-releases/2010/5621.htm
aagx,http://sankei.jp.msn.com/affairs/crime/100920/crm1009201535008-n1.htm
aagy,https://wei.secstate.wa.gov/osos/secure/pages/Onlinevoterregistration.aspx
aagz,http://wz-9.co.cc:8000/?38931895391160035943956956618802
aagA,http://matterhorn.pedromagician.com/main.php?action=showarticle&article=319
aagB,http://www.profgame.com/component/fireboard/?func=view&catid=39&id=241#241
aagC,http://www.urlconsult.com/smf/index.php?topic=1192.0
aagD,http://wz-3.co.cc:8000/?28872484150788121377754988673463
aagE,http://readforjoy.blogspot.com/2008/10/survivorship-bias.html
aagF,http://photographsonthebrain.com/post/1394150082/the-advice-i-like-to-give-young-artists-or
aagG,http://wz-4.co.cc:8000/?93245064927313527100319219537129
aagH,http://apps.facebook.com/castle_age/battle_monster.php?user=636496626&mpool=3&action=doObjective
aagI,http://it.reuters.com/article/topNews/idITMIE6270LT20100308
aagJ,http://www.shikishiki.com/
aagK,http://twitter.com/haruemirock/status/14431164504
aagL,http://www.xtec.es:8081/pls/soloas/pk_for_mod_ins.p_for_exhaustiu_activitat?p_header=Llista+d'activitats%5Epk_for_mod_ins.p_for_cons_activitats?p_entitat%3D0867%26p_any%3D2009-2010%26p_inici%3D1*Detall+d'activitat%5Epk_for_mod_ins.p_for_detall_activitat?p_codi%3D9000160867%26p_curs%3D2009-2010%26p_es_inscr%3DS&p_codi=9000160867&p_curs=2009-2010&p_es_inscr=S
aagM,http://wz-16.co.cc:8000/?69377454880199315723808087305946
aagN,http://www.yxlady.com/ent/UploadFiles_9636/201001/20100106150552271.jpg
aagO,http://rx-re-orders.com/?5108194700736542870130
aagP,http://www.cincodias.com/articulo/Ciencia-Salud/Alimentos-carta-genoma/20100916cdscys_1/cdssupcys/
aagQ,http://wz-10.co.cc:8000/?99147168090088774429561015009192
aagR,http://palintwibe.blogspot.com/2010/05/as-obama-apologizes-to-china-sarah.html
aagS,http://www.designertours.com.br/internacionais.asp?id=1739
aagT,http://www.hhnmag.com/hhnmag_app/jsp/articledisplay.jsp?dcrpath=HHNMAG/Article/data/07JUL2010/1007HHN_Coverstory_SB1&domain=HHNMAG
aagU,http://www.fujirockfestival.com/news/?id=1011
aagV,http://apps.facebook.com/sororitylife/?ref_id=100000755373454&send_timestamp=1281884586&track=invite-giftReturn-5019-20100713-0&action=claimGift&from=100000755373454&target=5019&gift_hash=a9afb62caf000a6ec966ba1c5c27ba65&gift_timestamp=1281884586000
aagW,http://www.flickr.com/photos/zousun/4317885515/in/set-72157623292392898/
aagX,http://www.youtube.com/watch?v=8yj93EgscbA
aagY,http://sourceforge.net/apps/trac/ditto-cp/wiki/Current%20Themes
aagZ,http://www.youtube.com/watch?v=Hb0-SZWZ-ok
aag0,http://gizmodo.com/203385/freedom-mini-bluetooth-keyboard-for-cellphones-finally-available
aag1,http://wz-1.co.cc:8000/?10838755529304739130815241402868
aag2,http://www.teamteabag.com/2009/10/28/review-true-blood-season-one-dvd/#comment-40968
aag3,http://www.the-cool-cat.com/fr/index.php?i=7589
aag4,http://www.facebook.com/photo.php?fbid=454680998462&set=a.454680808462.243399.8245623462&ref=nf#!/photo.php?fbid=454680858462&set=a.454680808462.243399.8245623462&pid=5497772&id=8245623462
aag5,http://www.nmwa.org/exhibition/detail.asp?exhibitid=211
aag6,http://gooeyknits.blogspot.com/2010/06/were-almost-half-way-there.html#links
aag7,http://awlschronicle.com/blog/
aag8,http://nnm.ru/assa89/golye_telki_podborka_7/
aag9,http://www.unkar.org/read/science6.2ch.net/infosys/1090163833
aaha,http://www.examiner.com/taiwan-policy-in-national/keating-and-hartzell-give-two-american-viewpoints-on-an-independent-taiwan
aahb,http://feedproxy.google.com/~r/ipod_touch_lab/~3/8P345VZ-VxA/magic-window-ipad.html
aahc,http://blogs.technet.com/b/klince/archive/2010/09/13/microsoft-vdi-reference-architecture-resources.aspx
aahd,http://www.company-registration-india.com/company-registration/argentina.php
aahe,http://wz-5.co.cc:8000/?40488373297367873153055585540401
aahf,http://wz-3.co.cc:8000/?51408081071802411367751626675094
aahg,http://www.bitrebels.com/geek/219000-cigarettes-a-smoking-hot-installation/
aahh,http://wz-5.co.cc:8000/?06541832735783473137439301848059
aahi,http://www.gercekgundem.com/?p=322741
aahj,http://www.jolatefri.com/pub/video/2257/inception-au-cinema-le-21-juillet
aahk,http://twitter.com/karuizawa_now/status/11980160637
aahl,http://risadas.files.wordpress.com/2008/10/ronaldo.jpg
aahm,"http://s7d2.scene7.com/is/image/Teleflora/260813?&wid=360&fmt=jpeg&qlt=80,0&op_sharpen=0&resMode=bilin&op_usm=1.0,0.5,1.0,0&iccEmbed=0&layer=1&opac=0&layer=2&opac=55&layer=5&opac=0"
aahn,http://www.rjlsoftware.com/software/utility/winproductkey/download.shtml
aaho,http://wz-17.co.cc:8000/?81163145752281968745960046308223
aahp,http://go2offer.net/?do=cpa&where=1210&t=7rv7218I
aahq,http://www.oliveirawanderley.com.br/2010/04/vereador-george-camara-diz-que-mudanas.html
aahr,http://wz-3.co.cc:8000/?16352686978025253943579830352275
aahs,http://oliholz.de/image13.jpg
aaht,http://www.youtube.com/watch?v=72_3b_X9PyE&feature=channel
aahu,http://wz-18.co.cc:8000/?78990918272695455791843187984263
aahv,http://wz-21.co.cc:8000/?61014815903531181672944999697385
aahw,http://www.linkedin.com/pub/steve-ross/7/562/50a
aahx,http://feeds.gawker.com/~r/gawker/full/~3/yeJ_1treaW8/extreme-makeovers-for-geeky-microsoft-execs
aahy,http://wz-16.co.cc:8000/?06514577029657759701703755686497
aahz,http://educationaltechnologyguy.blogspot.com/2010/03/whos-responsible-for-failing.html
aahA,http://live.nicovideo.jp/liveplayer.swf?v=lv18195606
aahB,http://wz-13.co.cc:8000/?87282795495165062438443258136797
aahC,http://nihongo.istockphoto.com/stock-photo-799235-closeup-of-bathtub-faucet.php
aahD,http://water.weather.gov/precip/index.php?layer%5B%5D=0&layer%5B%5D=1&layer%5B%5D=2&layer%5B%5D=4&layer%5B%5D=5&timetype=D&loctype=WFO&units=engl&timeframe=current&timeYYYY=2010&timeMM=9&timeDD=8&product=observed&loc=wfoEWX
aahE,http://flair70.blogspot.com/?29755
aahF,http://wz-19.co.cc:8000/?17142968509553018554030123826964
aahG,http://nnm.ru/infernus/not_found/
aahH,http://www.blogpaedia.com.br/2010/01/99-luftballoons.html
aahI,"http://www.pcmag.com/article2/0,2817,2369280,00.asp"
aahJ,http://wz-10.co.cc:8000/?59128039913958653707471303608947
aahK,http://www.bbc.co.uk/news/uk-11127448
aahL,http://wz-13.co.cc:8000/?16678737497915828813774007628052
aahM,http://my.opera.com/portalnews/blog/2010/10/08/html5-games-you-must-check-out
aahN,http://www.pr-squared.com/index.php/2010/02/tweaks-to-pr-squared
aahO,http://www.haberdelisi.com/siyaset-haber/ak-parti-adanada-rant-merkezli-ittifak-milletin-vicdaninda-mahkm-olur-42325h.html
aahP,http://sports.chosun.com/news/utype.htm?ut=1&name=/news/sports/201010/20101004/aad74266.htm
aahQ,http://www.google.co.uk/search?rlz=1C1CHMI_en-USGB294GB304&sourceid=chrome&ie=UTF-8&q=ramen
aahR,"http://maps.google.com/maps?f=d&source=s_d&saddr=128+River+St,+Saranac+Lake,+Essex,+New+York+12983&daddr=44.72439,-73.43512+to:3328+Shelburne+Road,+Shelburne,+VT+05482+(The+Automaster+Motor+Company)&geocode=FaxSpAIdC_aU-ykj5pg5JBvLTDFe_4Y-BLM8Pw;FaZwqgIdEHif-ynR2yw91DjKTDHzx5F6YBFTkA;FT6epQIdMsei-yGnyKdmXLoTcg&hl=en&mra=pe&mrcr=0&sll=44.36706,-73.67157&sspn=0.901214,1.653442&ie=UTF8&ll=44.418088,-74.09729&spn=0.900428,1.653442&z=9&via=1&layer=c&pw=2"
aahS,"http://www.amazon.co.jp/%E3%82%A8%E3%82%B3%E3%83%90%E3%83%83%E3%82%B0-%E3%83%AC%E3%83%87%E3%82%A3%E3%83%BC%E3%82%B9/s/qid=1282645115/ref=sr_pg_6?ie=UTF8&keywords=%E3%82%A8%E3%82%B3%E3%83%90%E3%83%83%E3%82%B0&bbn=2016926051&rh=k:%E3%82%A8%E3%82%B3%E3%83%90%E3%83%83%E3%82%B0,n:2016926051,p_n_target_audience_browse-bin:2017508051,n:!2016927051&page=6"
aahT,http://cod7online.wordpress.com/2010/10/19/black-ops-tips-from-oxm/
aahU,http://nnm.ru/alexvo99/nikogda_ne_sdavaiysya_never_back_down_2008_camrip/
aahV,http://wz-9.co.cc:8000/?53814360421472077765996838548844
aahW,http://www.tv3.cat/videos/3098832
aahX,http://www.bild.de/BILD/unterhaltung/leute/2010/07/14/ben-tewaag-frei/uschi-glas-sohn-nach-zehn-monaten-haft-entlassen.html
aahY,http://www.extremaduraaldia.com/provincia-caceres/psoe-de-caceres-subraya-el-caracter-solidario-de-los-pge-para-la-provincia/87776.html
aahZ,http://britanik.by/home.html
aah0,http://en.wikipedia.org/wiki/Kingda_Ka
aah1,http://wz-11.co.cc:8000/?85701765016088925516529448073756
aah2,http://yutori.2ch.net/test/read.cgi/morningcoffee/1277697704/
aah3,http://www.registraduria.gov.co/servicios/documentos.htm?nCedula=1020770606&buscar6=Buscar
aah4,http://twitter.com/yuma_/status/13476937904
aah5,http://www.a-hau.com/
aah6,http://www.cheap-reservations.org/blog/Optifly-Low-Cost-Carriers--Find-Cheap-Flights
aah7,http://www.win-hd.com/
aah8,http://best360.deviantart.com/art/Lego-Ship-Strength-Test-76496652?q=boost:popular+lego&qo=69
aah9,http://www.shinystyle.tv/2010/05/sarah_jessica_parker_to_help_h.html
aaia,http://www.adrianpiper.com/vs/video_fl.shtml
aaib,http://wz-20.co.cc:8000/?85474556643751827209644564258223
aaic,http://ardrone.parrot.com/parrot-ar-drone/usa/how-does-it-work
aaid,http://dl.dropbox.com/u/8789267/Music/06%20Light%20My%20Fire.mp3
